{
    "type": "create:mixing",
    "ingredients": [
        {
            "item": "minecraft:sugar"
        },
        {
            "item": "minecraft:sugar"
        },
        {
            "item": "minecraft:sugar"
        },
        {
            "item": "minecraft:sugar"
        },
        
        {
            "tag": "c:bones"
        },
        {
            "fluidTag": "minecraft:water",
            "amount": 40500
        },
        {
            "item": "create:chromatic_compound"
        }
    ],
    "results": [
        {
        "item": "hexcasting:creative_unlocker"
        }
    ],
    "heatRequirement": "superheated"
}