{
    "type": "create:sequenced_assembly",
    "ingredient": {
      "item": "computercraft:monitor_advanced"
    },
    "transitionalItem": {
      "item": "computercraft:monitor_advanced"
    },
    "sequence": [
      {
        "type": "create:pressing",
        "ingredients": [
          {
            "item": "computercraft:monitor_advanced"
          }
        ],
        "results": [
          {
            "item": "computercraft:monitor_advanced"
          }
        ]
      },
      {
        "type": "create:deploying",
        "ingredients": [
          {
            "item": "computercraft:monitor_advanced"
          },
          {
            "item": "create:electron_tube"
          }
        ],
        "results": [
          {
            "item": "computercraft:monitor_advanced"
          }
        ]
      }
    ],
    "results": [
      {
        "item": "computercraft:pocket_computer_advanced"
      }
    ],
    "loops": 1
  }