{
    "type": "minecraft:crafting_shaped",
    "pattern": [
      "010",
      "232",
      "454"
    ],
    "key": {
      "0": {
        "item": "create:electron_tube"
      },
      "1": {
        "item": "create:blaze_burner"
      },
      "2": {
        "tag": "c:chests"
      },
      "3": {
        "item": "computercraft:pocket_computer_normal"
      },
      "4": {
        "item": "create:precision_mechanism"
      },
      "5": {
        "item": "create:brass_hand"
      }
    },
    "result": {
      "item": "computercraft:turtle_normal"
    }
  }