{
    "type": "create:compacting",
    "ingredients": [
        {
            "item": "hexcasting:amethyst_dust"
        },
        {
            "item": "hexcasting:amethyst_dust"
        },
        {
            "item": "hexcasting:amethyst_dust"
        },
        {
            "item": "hexcasting:amethyst_dust"
        },
        {
            "item": "hexcasting:amethyst_dust"
        }
    ],
    "results": [
        {
        "item": "minecraft:amethyst_shard"
        }
    ]
}