{
    "type":"create:sequenced_assembly",
    "ingredient": {
            "item": "create:shadow_steel_casing"
    },
    "transitionalItem": {
        "item": "create:shadow_steel_casing"
    },
    "sequence": [
        {
            "type":"create:deploying",
            "ingredients": [
                {
                    "item":"create:shadow_steel_casing"
                },
                {
                    "item":"hexcasting:charged_amethyst"
                }
            ],
            "results": [
                {
                    "item":"create:shadow_steel_casing"
                }
            ]
        }
    ],
    "results": [
        {
            "item": "create:shadow_steel"
        }
    ],
    "loops": 1024
}